{
  "precision": 0.024545900834560628,
  "recall": 0.35714285714285715,
  "f1": 0.045934772622875514,
  "roc_auc": 0.4347755367599219,
  "auprc": 0.01611704931874667,
  "threshold": 0.0010169580345973372,
  "window": 60,
  "stride": 1,
  "topk_time": 0.2,
  "topk_feat": 0.3,
  "alpha": 0.7,
  "global_model": true,
  "fine_tuned": true,
  "has_positive": true,
  "enriched_features": true,
  "roll_win": 30,
  "threshold_strategy": "best_f1"
}