{
  "precision": 0.3816793893129771,
  "recall": 0.8823529411764706,
  "f1": 0.5328596802841918,
  "roc_auc": 0.9269382018097151,
  "auprc": 0.37472726440663756,
  "threshold": 0.10096419123666626,
  "window": 60,
  "stride": 1,
  "topk_time": 0.2,
  "topk_feat": 0.3,
  "alpha": 0.7,
  "global_model": true,
  "fine_tuned": true,
  "has_positive": true,
  "enriched_features": true,
  "roll_win": 30,
  "threshold_strategy": "best_f1"
}