{
  "precision": 0.08131176999101528,
  "recall": 0.4763157894736842,
  "f1": 0.13891020721412126,
  "roc_auc": 0.6282237260879762,
  "auprc": 0.07670424477230928,
  "threshold": 0.28180372289248873,
  "window": 60,
  "stride": 1,
  "topk_time": 0.2,
  "topk_feat": 0.3,
  "alpha": 0.7,
  "global_model": true,
  "fine_tuned": true,
  "has_positive": true,
  "enriched_features": true,
  "roll_win": 30,
  "threshold_strategy": "best_f1"
}