{
  "precision": 0.09913793103448276,
  "recall": 0.1564625850340136,
  "f1": 0.12137203166226913,
  "roc_auc": 0.464423328709043,
  "auprc": 0.06077656432758713,
  "threshold": 0.4201931399958474,
  "window": 60,
  "stride": 1,
  "topk_time": 0.2,
  "topk_feat": 0.3,
  "alpha": 0.7,
  "global_model": true,
  "fine_tuned": true,
  "has_positive": true,
  "enriched_features": true,
  "roll_win": 30,
  "threshold_strategy": "best_f1"
}