{
  "precision": 0.39670223084384093,
  "recall": 1.0,
  "f1": 0.5680555555555555,
  "roc_auc": 0.35663593562056306,
  "auprc": 0.30418462294476867,
  "threshold": 0.002063577961442726,
  "window": 60,
  "stride": 1,
  "topk_time": 0.2,
  "topk_feat": 0.3,
  "alpha": 0.7,
  "global_model": true,
  "fine_tuned": true,
  "has_positive": true,
  "enriched_features": true,
  "roll_win": 30,
  "threshold_strategy": "best_f1"
}