{
  "precision": 0.042037518827878956,
  "recall": 0.9029411764705882,
  "f1": 0.08033494701033625,
  "roc_auc": 0.45965929792470644,
  "auprc": 0.0347007129086814,
  "threshold": 0.002564023016020655,
  "window": 60,
  "stride": 1,
  "topk_time": 0.2,
  "topk_feat": 0.3,
  "alpha": 0.7,
  "global_model": true,
  "fine_tuned": true,
  "has_positive": true,
  "enriched_features": true,
  "roll_win": 30,
  "threshold_strategy": "best_f1"
}