{
  "precision": 0.5010543580131209,
  "recall": 1.0,
  "f1": 0.6676032154842738,
  "roc_auc": 0.7114687553507975,
  "auprc": 0.6453795863528075,
  "threshold": 0.0,
  "window": 60,
  "stride": 1,
  "topk_time": 0.2,
  "topk_feat": 0.3,
  "alpha": 0.7,
  "global_model": true,
  "fine_tuned": true,
  "has_positive": true,
  "enriched_features": true,
  "roll_win": 30,
  "threshold_strategy": "best_f1"
}