{
  "precision": 0.12222746578574799,
  "recall": 0.5820224719101124,
  "f1": 0.20202808112324494,
  "roc_auc": 0.7383291649557654,
  "auprc": 0.12118338800920582,
  "threshold": 0.20180710085800713,
  "window": 60,
  "stride": 1,
  "topk_time": 0.2,
  "topk_feat": 0.3,
  "alpha": 0.7,
  "global_model": true,
  "fine_tuned": true,
  "has_positive": true,
  "enriched_features": true,
  "roll_win": 30,
  "threshold_strategy": "best_f1"
}