{
  "precision": 0.0711179688595876,
  "recall": 1.0,
  "f1": 0.13279203771608172,
  "roc_auc": 0.3824861400846391,
  "auprc": 0.05193199898430763,
  "threshold": 0.20398489492280142,
  "window": 60,
  "stride": 1,
  "topk_time": 0.2,
  "topk_feat": 0.3,
  "alpha": 0.7,
  "global_model": true,
  "fine_tuned": true,
  "has_positive": true,
  "enriched_features": true,
  "roll_win": 30,
  "threshold_strategy": "best_f1"
}