{
  "precision": 0.49451038575667655,
  "recall": 0.999400299850075,
  "f1": 0.6616377171215881,
  "roc_auc": 0.4071896000150897,
  "auprc": 0.3158924581151319,
  "threshold": 0.4840906688145229,
  "window": 60,
  "stride": 1,
  "topk_time": 0.2,
  "topk_feat": 0.3,
  "alpha": 0.7,
  "global_model": true,
  "fine_tuned": true,
  "has_positive": true,
  "enriched_features": true,
  "roll_win": 30,
  "threshold_strategy": "best_f1"
}