{
  "precision": 0.02866779089376054,
  "recall": 0.3090909090909091,
  "f1": 0.05246913580246913,
  "roc_auc": 0.524892442321052,
  "auprc": 0.01782648962654356,
  "threshold": 0.0008057618064672818,
  "window": 60,
  "stride": 1,
  "topk_time": 0.2,
  "topk_feat": 0.3,
  "alpha": 0.7,
  "global_model": true,
  "fine_tuned": true,
  "has_positive": true,
  "enriched_features": true,
  "roll_win": 30,
  "threshold_strategy": "best_f1"
}