{
  "precision": 0.03690685413005272,
  "recall": 1.0,
  "f1": 0.0711864406779661,
  "roc_auc": 0.5303637079831933,
  "auprc": 0.02003648425308508,
  "threshold": 0.04972955584526062,
  "window": 60,
  "stride": 1,
  "topk_time": 0.2,
  "topk_feat": 0.3,
  "alpha": 0.7,
  "global_model": true,
  "fine_tuned": true,
  "has_positive": true,
  "enriched_features": true,
  "roll_win": 30,
  "threshold_strategy": "best_f1"
}