{
  "precision": 0.06515274398486078,
  "recall": 0.5878048780487805,
  "f1": 0.11730348016549039,
  "roc_auc": 0.5623201402446808,
  "auprc": 0.055959433194663365,
  "threshold": 0.05938702768513134,
  "window": 60,
  "stride": 1,
  "topk_time": 0.2,
  "topk_feat": 0.3,
  "alpha": 0.7,
  "global_model": true,
  "fine_tuned": true,
  "has_positive": true,
  "enriched_features": true,
  "roll_win": 30,
  "threshold_strategy": "best_f1"
}