{
  "precision": 0.09897610921501707,
  "recall": 0.3411764705882353,
  "f1": 0.15343915343915343,
  "roc_auc": 0.72852615867427,
  "auprc": 0.051336722465976294,
  "threshold": 0.4512310751846858,
  "window": 60,
  "stride": 1,
  "topk_time": 0.2,
  "topk_feat": 0.3,
  "alpha": 0.7,
  "global_model": true,
  "fine_tuned": true,
  "has_positive": true,
  "enriched_features": true,
  "roll_win": 30,
  "threshold_strategy": "best_f1"
}