{
  "precision": 0.025823111684958037,
  "recall": 1.0,
  "f1": 0.05034612964128383,
  "roc_auc": 0.28720238095238093,
  "auprc": 0.013156737812990899,
  "threshold": 0.0008736598704542433,
  "window": 60,
  "stride": 1,
  "topk_time": 0.2,
  "topk_feat": 0.3,
  "alpha": 0.7,
  "global_model": true,
  "fine_tuned": true,
  "has_positive": true,
  "enriched_features": true,
  "roll_win": 30,
  "threshold_strategy": "best_f1"
}