{
  "precision": 0.4095460614152203,
  "recall": 0.9975609756097561,
  "f1": 0.5806909607193563,
  "roc_auc": 0.6111866433618525,
  "auprc": 0.3066622064289286,
  "threshold": 0.469166385275977,
  "window": 60,
  "stride": 1,
  "topk_time": 0.2,
  "topk_feat": 0.3,
  "alpha": 0.7,
  "global_model": true,
  "fine_tuned": true,
  "has_positive": true,
  "enriched_features": true,
  "roll_win": 30,
  "threshold_strategy": "best_f1"
}