{
  "precision": 0.22792937399678972,
  "recall": 0.6454545454545455,
  "f1": 0.3368920521945433,
  "roc_auc": 0.6245766129032257,
  "auprc": 0.18043176550632128,
  "threshold": 0.2590338034289224,
  "window": 60,
  "stride": 1,
  "topk_time": 0.2,
  "topk_feat": 0.3,
  "alpha": 0.7,
  "global_model": true,
  "fine_tuned": true,
  "has_positive": true,
  "enriched_features": true,
  "roll_win": 30,
  "threshold_strategy": "best_f1"
}