{
  "precision": 0.10377358490566038,
  "recall": 0.264,
  "f1": 0.1489841986455982,
  "roc_auc": 0.6517082306554953,
  "auprc": 0.03725206201733844,
  "threshold": 4.8903183986632417e-05,
  "window": 60,
  "stride": 1,
  "topk_time": 0.2,
  "topk_feat": 0.3,
  "alpha": 0.7,
  "global_model": true,
  "fine_tuned": true,
  "has_positive": true,
  "enriched_features": true,
  "roll_win": 30,
  "threshold_strategy": "best_f1"
}