mAP50-95,mAP50,num_classes
0.7139994449081258,0.8953587713517275,20
