{
  "precision": 0.04769076305220884,
  "recall": 1.0,
  "f1": 0.09103977000479156,
  "roc_auc": 0.13288571983464195,
  "auprc": 0.026077869622917114,
  "threshold": 0.0003754141694766336,
  "window": 60,
  "stride": 1,
  "topk_time": 0.2,
  "topk_feat": 0.3,
  "alpha": 0.7,
  "global_model": true,
  "fine_tuned": true,
  "has_positive": true,
  "enriched_features": true,
  "roll_win": 30,
  "threshold_strategy": "best_f1"
}