{
  "precision": 0.0426993132278292,
  "recall": 0.7944444444444444,
  "f1": 0.08104278832530462,
  "roc_auc": 0.6751053057918186,
  "auprc": 0.030121718527985272,
  "threshold": 0.5194864017622811,
  "window": 60,
  "stride": 1,
  "topk_time": 0.2,
  "topk_feat": 0.3,
  "alpha": 0.7,
  "global_model": true,
  "fine_tuned": true,
  "has_positive": true,
  "enriched_features": true,
  "roll_win": 30,
  "threshold_strategy": "best_f1"
}