{
  "precision": 0.16842105263157894,
  "recall": 0.1549636803874092,
  "f1": 0.1614123581336696,
  "roc_auc": 0.563633237849956,
  "auprc": 0.08006494047063142,
  "threshold": 0.48784899285861416,
  "window": 60,
  "stride": 1,
  "topk_time": 0.2,
  "topk_feat": 0.3,
  "alpha": 0.7,
  "global_model": true,
  "fine_tuned": true,
  "has_positive": true,
  "enriched_features": true,
  "roll_win": 30,
  "threshold_strategy": "best_f1"
}