{
  "precision": 0.08031341821743389,
  "recall": 0.9647058823529412,
  "f1": 0.14828209764918626,
  "roc_auc": 0.5086314525810324,
  "auprc": 0.06314624058508975,
  "threshold": 0.21560581879956378,
  "window": 60,
  "stride": 1,
  "topk_time": 0.2,
  "topk_feat": 0.3,
  "alpha": 0.7,
  "global_model": true,
  "fine_tuned": true,
  "has_positive": true,
  "enriched_features": true,
  "roll_win": 30,
  "threshold_strategy": "best_f1"
}