{
  "precision": 0.013700506918755994,
  "recall": 1.0,
  "f1": 0.027030679821597514,
  "roc_auc": 0.4934046098306026,
  "auprc": 0.013706140350877192,
  "threshold": 0.03408562072685786,
  "window": 60,
  "stride": 1,
  "topk_time": 0.2,
  "topk_feat": 0.3,
  "alpha": 0.7,
  "global_model": true,
  "fine_tuned": true,
  "has_positive": true,
  "enriched_features": true,
  "roll_win": 30,
  "threshold_strategy": "best_f1"
}