{
  "precision": 0.15805658056580565,
  "recall": 1.0,
  "f1": 0.27296866702071165,
  "roc_auc": 0.2910554580982313,
  "auprc": 0.10467635095594852,
  "threshold": 0.00027984696290721847,
  "window": 60,
  "stride": 1,
  "topk_time": 0.2,
  "topk_feat": 0.3,
  "alpha": 0.7,
  "global_model": true,
  "fine_tuned": true,
  "has_positive": true,
  "enriched_features": true,
  "roll_win": 30,
  "threshold_strategy": "best_f1"
}