{
  "precision": 0.025450274079874706,
  "recall": 1.0,
  "f1": 0.049637266132111495,
  "roc_auc": 0.6774029280712921,
  "auprc": 0.025465230166503428,
  "threshold": 0.007263268743242535,
  "window": 60,
  "stride": 1,
  "topk_time": 0.2,
  "topk_feat": 0.3,
  "alpha": 0.7,
  "global_model": true,
  "fine_tuned": true,
  "has_positive": true,
  "enriched_features": true,
  "roll_win": 30,
  "threshold_strategy": "best_f1"
}