{
  "precision": 0.3588077951853267,
  "recall": 0.9811912225705329,
  "f1": 0.5254616675993284,
  "roc_auc": 0.5652144987665281,
  "auprc": 0.387581626493688,
  "threshold": 0.037392393818923404,
  "window": 60,
  "stride": 1,
  "topk_time": 0.2,
  "topk_feat": 0.3,
  "alpha": 0.7,
  "global_model": true,
  "fine_tuned": true,
  "has_positive": true,
  "enriched_features": true,
  "roll_win": 30,
  "threshold_strategy": "best_f1"
}