{
  "precision": 0.18614983912976865,
  "recall": 1.0,
  "f1": 0.3138723843967967,
  "roc_auc": 0.5578114807566863,
  "auprc": 0.18626398896213398,
  "threshold": 0.007128347243581498,
  "window": 60,
  "stride": 1,
  "topk_time": 0.2,
  "topk_feat": 0.3,
  "alpha": 0.7,
  "global_model": true,
  "fine_tuned": true,
  "has_positive": true,
  "enriched_features": true,
  "roll_win": 30,
  "threshold_strategy": "best_f1"
}