{
  "precision": 0.07078189300411522,
  "recall": 0.819047619047619,
  "f1": 0.1303030303030303,
  "roc_auc": 0.563044073364358,
  "auprc": 0.05864605954308748,
  "threshold": 0.0008542230851682169,
  "window": 60,
  "stride": 1,
  "topk_time": 0.2,
  "topk_feat": 0.3,
  "alpha": 0.7,
  "global_model": true,
  "fine_tuned": true,
  "has_positive": true,
  "enriched_features": true,
  "roll_win": 30,
  "threshold_strategy": "best_f1"
}