{
  "precision": 0.15140186915887852,
  "recall": 0.18409090909090908,
  "f1": 0.16615384615384615,
  "roc_auc": 0.5787887777348807,
  "auprc": 0.096296659720714,
  "threshold": 0.4742532627923147,
  "window": 60,
  "stride": 1,
  "topk_time": 0.2,
  "topk_feat": 0.3,
  "alpha": 0.7,
  "global_model": true,
  "fine_tuned": true,
  "has_positive": true,
  "enriched_features": true,
  "roll_win": 30,
  "threshold_strategy": "best_f1"
}