{
  "precision": 0.018803619696791632,
  "recall": 1.0,
  "f1": 0.03691313877033107,
  "roc_auc": 0.38551584928229665,
  "auprc": 0.013859022794689963,
  "threshold": 6.68865224205157e-05,
  "window": 60,
  "stride": 1,
  "topk_time": 0.2,
  "topk_feat": 0.3,
  "alpha": 0.7,
  "global_model": true,
  "fine_tuned": true,
  "has_positive": true,
  "enriched_features": true,
  "roll_win": 30,
  "threshold_strategy": "best_f1"
}