{
  "precision": 0.03192085122269927,
  "recall": 0.6979591836734694,
  "f1": 0.06104962513388076,
  "roc_auc": 0.4374155686828586,
  "auprc": 0.024248055976180353,
  "threshold": 0.07408644365412846,
  "window": 60,
  "stride": 1,
  "topk_time": 0.2,
  "topk_feat": 0.3,
  "alpha": 0.7,
  "global_model": true,
  "fine_tuned": true,
  "has_positive": true,
  "enriched_features": true,
  "roll_win": 30,
  "threshold_strategy": "best_f1"
}