{
  "precision": 0.02103049421661409,
  "recall": 1.0,
  "f1": 0.0411946446961895,
  "roc_auc": 0.44885359620299375,
  "auprc": 0.010895211055809432,
  "threshold": 0.2689807159560067,
  "window": 60,
  "stride": 1,
  "topk_time": 0.2,
  "topk_feat": 0.3,
  "alpha": 0.7,
  "global_model": true,
  "fine_tuned": true,
  "has_positive": true,
  "enriched_features": true,
  "roll_win": 30,
  "threshold_strategy": "best_f1"
}