{
  "precision": 0.5386126940459816,
  "recall": 0.9927562477363274,
  "f1": 0.698343949044586,
  "roc_auc": 0.7550990562841955,
  "auprc": 0.5487387176468005,
  "threshold": 0.5092366933822632,
  "window": 60,
  "stride": 1,
  "topk_time": 0.2,
  "topk_feat": 0.3,
  "alpha": 0.7,
  "global_model": true,
  "fine_tuned": true,
  "has_positive": true,
  "enriched_features": true,
  "roll_win": 30,
  "threshold_strategy": "best_f1"
}