{
  "precision": 0.028595939376608523,
  "recall": 1.0,
  "f1": 0.055601890464275786,
  "roc_auc": 0.30705635770843037,
  "auprc": 0.028620492272467088,
  "threshold": 0.0009234750094557447,
  "window": 60,
  "stride": 1,
  "topk_time": 0.2,
  "topk_feat": 0.3,
  "alpha": 0.7,
  "global_model": true,
  "fine_tuned": true,
  "has_positive": true,
  "enriched_features": true,
  "roll_win": 30,
  "threshold_strategy": "best_f1"
}