{
  "precision": 0.2169060904665796,
  "recall": 0.9907809110629068,
  "f1": 0.3558975357942924,
  "roc_auc": 0.4866087073816607,
  "auprc": 0.20506979074820908,
  "threshold": 0.08787525658096584,
  "window": 60,
  "stride": 1,
  "topk_time": 0.2,
  "topk_feat": 0.3,
  "alpha": 0.7,
  "global_model": true,
  "fine_tuned": true,
  "has_positive": true,
  "enriched_features": true,
  "roll_win": 30,
  "threshold_strategy": "best_f1"
}