{
  "precision": 0.213696575856036,
  "recall": 1.0,
  "f1": 0.3521416803953871,
  "roc_auc": 0.3282141935819131,
  "auprc": 0.1499403630884667,
  "threshold": 0.005614136345684528,
  "window": 60,
  "stride": 1,
  "topk_time": 0.2,
  "topk_feat": 0.3,
  "alpha": 0.7,
  "global_model": true,
  "fine_tuned": true,
  "has_positive": true,
  "enriched_features": true,
  "roll_win": 30,
  "threshold_strategy": "best_f1"
}