{
  "precision": 0.1530398322851153,
  "recall": 0.5206847360912982,
  "f1": 0.23655217109526896,
  "roc_auc": 0.6675431603679838,
  "auprc": 0.14176983476873734,
  "threshold": 0.33083864195006235,
  "window": 60,
  "stride": 1,
  "topk_time": 0.2,
  "topk_feat": 0.3,
  "alpha": 0.7,
  "global_model": true,
  "fine_tuned": true,
  "has_positive": true,
  "enriched_features": true,
  "roll_win": 30,
  "threshold_strategy": "best_f1"
}