{
  "precision": 0.06546644844517185,
  "recall": 1.0,
  "f1": 0.1228878648233487,
  "roc_auc": 0.7667057363485935,
  "auprc": 0.034132298934255734,
  "threshold": 0.023044040692704063,
  "window": 60,
  "stride": 1,
  "topk_time": 0.2,
  "topk_feat": 0.3,
  "alpha": 0.7,
  "global_model": true,
  "fine_tuned": true,
  "has_positive": true,
  "enriched_features": true,
  "roll_win": 30,
  "threshold_strategy": "best_f1"
}