{
  "precision": 0.016796920564563163,
  "recall": 1.0,
  "f1": 0.033038889526213144,
  "roc_auc": 0.495021927225317,
  "auprc": 0.01680280046674446,
  "threshold": 2.4430357793140237e-05,
  "window": 60,
  "stride": 1,
  "topk_time": 0.2,
  "topk_feat": 0.3,
  "alpha": 0.7,
  "global_model": true,
  "fine_tuned": true,
  "has_positive": true,
  "enriched_features": true,
  "roll_win": 30,
  "threshold_strategy": "best_f1"
}