{
  "precision": 0.034394250513347026,
  "recall": 1.0,
  "f1": 0.06650124069478908,
  "roc_auc": 0.3307674227288753,
  "auprc": 0.022066133521203433,
  "threshold": 0.11158199076141628,
  "window": 60,
  "stride": 1,
  "topk_time": 0.2,
  "topk_feat": 0.3,
  "alpha": 0.7,
  "global_model": true,
  "fine_tuned": true,
  "has_positive": true,
  "enriched_features": true,
  "roll_win": 30,
  "threshold_strategy": "best_f1"
}