{
  "precision": 0.10322864045684164,
  "recall": 0.6891495601173021,
  "f1": 0.17956064947468958,
  "roc_auc": 0.5634667190618847,
  "auprc": 0.08621211871812529,
  "threshold": 0.21247880799429752,
  "window": 60,
  "stride": 1,
  "topk_time": 0.2,
  "topk_feat": 0.3,
  "alpha": 0.7,
  "global_model": true,
  "fine_tuned": true,
  "has_positive": true,
  "enriched_features": true,
  "roll_win": 30,
  "threshold_strategy": "best_f1"
}