{
  "precision": 0.043596730245231606,
  "recall": 1.0,
  "f1": 0.0835509138381201,
  "roc_auc": 0.2826825834626214,
  "auprc": 0.02553833387533976,
  "threshold": 0.007943136351449148,
  "window": 60,
  "stride": 1,
  "topk_time": 0.2,
  "topk_feat": 0.3,
  "alpha": 0.7,
  "global_model": true,
  "fine_tuned": true,
  "has_positive": true,
  "enriched_features": true,
  "roll_win": 30,
  "threshold_strategy": "best_f1"
}