{
  "precision": 0.16867321867321866,
  "recall": 0.9842293906810036,
  "f1": 0.2879916098584164,
  "roc_auc": 0.36901777653533996,
  "auprc": 0.12125750921702412,
  "threshold": 0.0006825619493611157,
  "window": 60,
  "stride": 1,
  "topk_time": 0.2,
  "topk_feat": 0.3,
  "alpha": 0.7,
  "global_model": true,
  "fine_tuned": true,
  "has_positive": true,
  "enriched_features": true,
  "roll_win": 30,
  "threshold_strategy": "best_f1"
}