{
  "precision": 0.4006908462867012,
  "recall": 1.0,
  "f1": 0.5721331689272503,
  "roc_auc": 0.5850398785890372,
  "auprc": 0.3704647758238778,
  "threshold": 0.028550000063010623,
  "window": 60,
  "stride": 1,
  "topk_time": 0.2,
  "topk_feat": 0.3,
  "alpha": 0.7,
  "global_model": true,
  "fine_tuned": true,
  "has_positive": true,
  "enriched_features": true,
  "roll_win": 30,
  "threshold_strategy": "best_f1"
}