{
  "precision": 0.01401630988786952,
  "recall": 1.0,
  "f1": 0.02764513696908771,
  "roc_auc": 0.4877229258206255,
  "auprc": 0.01401630988786952,
  "threshold": 0.0,
  "window": 60,
  "stride": 1,
  "topk_time": 0.2,
  "topk_feat": 0.3,
  "alpha": 0.7,
  "global_model": true,
  "fine_tuned": true,
  "has_positive": true,
  "enriched_features": true,
  "roll_win": 30,
  "threshold_strategy": "best_f1"
}